<?xml version="1.0" encoding="UTF-8"?>
<Flow xmlns="http://soap.sforce.com/2006/04/metadata">
    <apiVersion>55.0</apiVersion>
    <decisions>
        <name>bounced_contact_is_present</name>
        <label>bounced contact is present</label>
        <locationX>182</locationX>
        <locationY>396</locationY>
        <defaultConnectorLabel>Default Outcome</defaultConnectorLabel>
        <rules>
            <name>Yes</name>
            <conditionLogic>or</conditionLogic>
            <conditions>
                <leftValueReference>Get_Related_Bounced_Contacts</leftValueReference>
                <operator>IsNull</operator>
                <rightValue>
                    <booleanValue>false</booleanValue>
                </rightValue>
            </conditions>
            <conditions>
                <leftValueReference>$Record.Bill_To_Contact__r.IsEmailBounced</leftValueReference>
                <operator>EqualTo</operator>
                <rightValue>
                    <booleanValue>true</booleanValue>
                </rightValue>
            </conditions>
            <conditions>
                <leftValueReference>$Record.Ship_To_Contact__r.IsEmailBounced</leftValueReference>
                <operator>EqualTo</operator>
                <rightValue>
                    <booleanValue>true</booleanValue>
                </rightValue>
            </conditions>
            <conditions>
                <leftValueReference>$Record.SBQQ__Quote__r.Bill_To_Contact__r.IsEmailBounced</leftValueReference>
                <operator>EqualTo</operator>
                <rightValue>
                    <booleanValue>true</booleanValue>
                </rightValue>
            </conditions>
            <conditions>
                <leftValueReference>$Record.SBQQ__Quote__r.Ship_To_Contact__r.IsEmailBounced</leftValueReference>
                <operator>EqualTo</operator>
                <rightValue>
                    <booleanValue>true</booleanValue>
                </rightValue>
            </conditions>
            <conditions>
                <leftValueReference>$Record.SBQQ__Quote__r.Bill_To_Contact__r.EmailBouncedDate</leftValueReference>
                <operator>IsNull</operator>
                <rightValue>
                    <booleanValue>false</booleanValue>
                </rightValue>
            </conditions>
            <conditions>
                <leftValueReference>$Record.SBQQ__Quote__r.Ship_To_Contact__r.EmailBouncedDate</leftValueReference>
                <operator>IsNull</operator>
                <rightValue>
                    <booleanValue>false</booleanValue>
                </rightValue>
            </conditions>
            <conditions>
                <leftValueReference>$Record.Bill_To_Contact__r.EmailBouncedDate</leftValueReference>
                <operator>IsNull</operator>
                <rightValue>
                    <booleanValue>false</booleanValue>
                </rightValue>
            </conditions>
            <conditions>
                <leftValueReference>$Record.Ship_To_Contact__r.EmailBouncedDate</leftValueReference>
                <operator>IsNull</operator>
                <rightValue>
                    <booleanValue>false</booleanValue>
                </rightValue>
            </conditions>
            <connector>
                <targetReference>Update_Bounced_Mail_flag_on_Contract</targetReference>
            </connector>
            <label>Yes</label>
        </rules>
    </decisions>
    <description>This Flow will trigger on the Contact, if the Notification on the Contact are bounced and thus makes the Contract as Bounced and no further Renewal notification to trigger from the Contract.</description>
    <environments>Default</environments>
    <interviewLabel>Contract - Set Bounced Mail Flag {!$Flow.CurrentDateTime}</interviewLabel>
    <label>Contract - Set Bounced Mail Flag</label>
    <processMetadataValues>
        <name>BuilderType</name>
        <value>
            <stringValue>LightningFlowBuilder</stringValue>
        </value>
    </processMetadataValues>
    <processMetadataValues>
        <name>CanvasMode</name>
        <value>
            <stringValue>AUTO_LAYOUT_CANVAS</stringValue>
        </value>
    </processMetadataValues>
    <processMetadataValues>
        <name>OriginBuilderType</name>
        <value>
            <stringValue>LightningFlowBuilder</stringValue>
        </value>
    </processMetadataValues>
    <processType>AutoLaunchedFlow</processType>
    <recordLookups>
        <name>Get_Related_Bounced_Contacts</name>
        <label>Get Related Bounced Contacts</label>
        <locationX>182</locationX>
        <locationY>276</locationY>
        <assignNullValuesIfNoRecordsFound>false</assignNullValuesIfNoRecordsFound>
        <connector>
            <targetReference>bounced_contact_is_present</targetReference>
        </connector>
        <filterLogic>1 AND (2 OR 3)</filterLogic>
        <filters>
            <field>AccountId</field>
            <operator>EqualTo</operator>
            <value>
                <elementReference>$Record.AccountId</elementReference>
            </value>
        </filters>
        <filters>
            <field>IsEmailBounced</field>
            <operator>EqualTo</operator>
            <value>
                <booleanValue>true</booleanValue>
            </value>
        </filters>
        <filters>
            <field>EmailBouncedDate</field>
            <operator>IsNull</operator>
            <value>
                <booleanValue>false</booleanValue>
            </value>
        </filters>
        <getFirstRecordOnly>false</getFirstRecordOnly>
        <object>Contact</object>
        <storeOutputAutomatically>true</storeOutputAutomatically>
    </recordLookups>
    <recordUpdates>
        <name>Update_Bounced_Mail_flag_on_Contract</name>
        <label>Update Bounced Mail flag on Contract</label>
        <locationX>50</locationX>
        <locationY>516</locationY>
        <inputAssignments>
            <field>Bounced_mail__c</field>
            <value>
                <booleanValue>true</booleanValue>
            </value>
        </inputAssignments>
        <inputReference>$Record</inputReference>
    </recordUpdates>
    <start>
        <locationX>56</locationX>
        <locationY>0</locationY>
        <connector>
            <targetReference>Get_Related_Bounced_Contacts</targetReference>
        </connector>
        <filterLogic>or</filterLogic>
        <filters>
            <field>Status</field>
            <operator>EqualTo</operator>
            <value>
                <stringValue>Activated</stringValue>
            </value>
        </filters>
        <filters>
            <field>Status</field>
            <operator>EqualTo</operator>
            <value>
                <stringValue>Draft</stringValue>
            </value>
        </filters>
        <object>Contract</object>
        <schedule>
            <frequency>Daily</frequency>
            <startDate>2022-07-25</startDate>
            <startTime>00:00:00.000Z</startTime>
        </schedule>
        <triggerType>Scheduled</triggerType>
    </start>
    <status>Active</status>
</Flow>
