<?xml version="1.0" encoding="UTF-8"?>
<EmailTemplate xmlns="http://soap.sforce.com/2006/04/metadata">
    <apiVersion>55.0</apiVersion>
    <available>true</available>
    <description>Email notification to be sent before 120 days</description>
    <encodingKey>UTF-8</encodingKey>
    <name>120 days template</name>
    <packageVersions>
        <majorNumber>232</majorNumber>
        <minorNumber>2</minorNumber>
        <namespace>SBQQ</namespace>
    </packageVersions>
    <packageVersions>
        <majorNumber>232</majorNumber>
        <minorNumber>2</minorNumber>
        <namespace>blng</namespace>
    </packageVersions>
    <packageVersions>
        <majorNumber>238</majorNumber>
        <minorNumber>0</minorNumber>
        <namespace>sbaa</namespace>
    </packageVersions>
    <style>none</style>
    <subject>Re: Upcoming Renewal –  Day Notification</subject>
    <type>visualforce</type>
    <uiType>Aloha</uiType>
</EmailTemplate>
