<?xml version="1.0" encoding="UTF-8"?>
<CustomField xmlns="http://soap.sforce.com/2006/04/metadata">
    <fullName>Primary_Contact__c</fullName>
    <deleteConstraint>SetNull</deleteConstraint>
    <description>Primary decision-maker or point-of-contact for the account.</description>
    <externalId>false</externalId>
    <label>Primary Contact</label>
    <referenceTo>Contact</referenceTo>
    <relationshipLabel>Accounts (Primary Contact)</relationshipLabel>
    <relationshipName>Accounts</relationshipName>
    <required>false</required>
    <trackFeedHistory>false</trackFeedHistory>
    <type>Lookup</type>
</CustomField>
