<?xml version="1.0" encoding="UTF-8"?>
<CustomObject xmlns="http://soap.sforce.com/2006/04/metadata">
    <actionOverrides>
        <actionName>Accept</actionName>
        <type>Default</type>
    </actionOverrides>
    <actionOverrides>
        <actionName>Accept</actionName>
        <formFactor>Large</formFactor>
        <type>Default</type>
    </actionOverrides>
    <actionOverrides>
        <actionName>Accept</actionName>
        <formFactor>Small</formFactor>
        <type>Default</type>
    </actionOverrides>
    <actionOverrides>
        <actionName>CancelEdit</actionName>
        <type>Default</type>
    </actionOverrides>
    <actionOverrides>
        <actionName>CancelEdit</actionName>
        <formFactor>Large</formFactor>
        <type>Default</type>
    </actionOverrides>
    <actionOverrides>
        <actionName>CancelEdit</actionName>
        <formFactor>Small</formFactor>
        <type>Default</type>
    </actionOverrides>
    <actionOverrides>
        <actionName>Clone</actionName>
        <type>Default</type>
    </actionOverrides>
    <actionOverrides>
        <actionName>Clone</actionName>
        <formFactor>Large</formFactor>
        <type>Default</type>
    </actionOverrides>
    <actionOverrides>
        <actionName>Clone</actionName>
        <formFactor>Small</formFactor>
        <type>Default</type>
    </actionOverrides>
    <actionOverrides>
        <actionName>Delete</actionName>
        <type>Default</type>
    </actionOverrides>
    <actionOverrides>
        <actionName>Delete</actionName>
        <formFactor>Large</formFactor>
        <type>Default</type>
    </actionOverrides>
    <actionOverrides>
        <actionName>Delete</actionName>
        <formFactor>Small</formFactor>
        <type>Default</type>
    </actionOverrides>
    <actionOverrides>
        <actionName>Edit</actionName>
        <type>Default</type>
    </actionOverrides>
    <actionOverrides>
        <actionName>Edit</actionName>
        <formFactor>Large</formFactor>
        <type>Default</type>
    </actionOverrides>
    <actionOverrides>
        <actionName>Edit</actionName>
        <formFactor>Small</formFactor>
        <type>Default</type>
    </actionOverrides>
    <actionOverrides>
        <actionName>List</actionName>
        <type>Default</type>
    </actionOverrides>
    <actionOverrides>
        <actionName>List</actionName>
        <formFactor>Large</formFactor>
        <type>Default</type>
    </actionOverrides>
    <actionOverrides>
        <actionName>List</actionName>
        <formFactor>Small</formFactor>
        <type>Default</type>
    </actionOverrides>
    <actionOverrides>
        <actionName>New</actionName>
        <type>Default</type>
    </actionOverrides>
    <actionOverrides>
        <actionName>New</actionName>
        <formFactor>Large</formFactor>
        <type>Default</type>
    </actionOverrides>
    <actionOverrides>
        <actionName>New</actionName>
        <formFactor>Small</formFactor>
        <type>Default</type>
    </actionOverrides>
    <actionOverrides>
        <actionName>SaveEdit</actionName>
        <type>Default</type>
    </actionOverrides>
    <actionOverrides>
        <actionName>SaveEdit</actionName>
        <formFactor>Large</formFactor>
        <type>Default</type>
    </actionOverrides>
    <actionOverrides>
        <actionName>SaveEdit</actionName>
        <formFactor>Small</formFactor>
        <type>Default</type>
    </actionOverrides>
    <actionOverrides>
        <actionName>Tab</actionName>
        <type>Default</type>
    </actionOverrides>
    <actionOverrides>
        <actionName>Tab</actionName>
        <formFactor>Large</formFactor>
        <type>Default</type>
    </actionOverrides>
    <actionOverrides>
        <actionName>Tab</actionName>
        <formFactor>Small</formFactor>
        <type>Default</type>
    </actionOverrides>
    <actionOverrides>
        <actionName>View</actionName>
        <comment>Action override created by Lightning App Builder during activation.</comment>
        <content>Quote_Record_Page1</content>
        <formFactor>Large</formFactor>
        <skipRecordTypeSelect>false</skipRecordTypeSelect>
        <type>Flexipage</type>
    </actionOverrides>
    <actionOverrides>
        <actionName>View</actionName>
        <type>Default</type>
    </actionOverrides>
    <actionOverrides>
        <actionName>View</actionName>
        <formFactor>Small</formFactor>
        <type>Default</type>
    </actionOverrides>
    <allowInChatterGroups>true</allowInChatterGroups>
    <compactLayoutAssignment>SYSTEM</compactLayoutAssignment>
    <customHelpPage>SBQQ__QuoteHelp</customHelpPage>
    <deploymentStatus>Deployed</deploymentStatus>
    <deprecated>false</deprecated>
    <description>Sales quote for a given opportunity. There may be multiple quotes for a single opportunity.</description>
    <enableActivities>true</enableActivities>
    <enableBulkApi>true</enableBulkApi>
    <enableEnhancedLookup>false</enableEnhancedLookup>
    <enableFeeds>false</enableFeeds>
    <enableHistory>true</enableHistory>
    <enableLicensing>true</enableLicensing>
    <enableReports>true</enableReports>
    <enableSearch>true</enableSearch>
    <enableSharing>true</enableSharing>
    <enableStreamingApi>true</enableStreamingApi>
    <externalSharingModel>Private</externalSharingModel>
    <label>Quote</label>
    <nameField>
        <displayFormat>Q-{00000}</displayFormat>
        <label>Quote Number</label>
        <trackHistory>false</trackHistory>
        <type>AutoNumber</type>
    </nameField>
    <pluralLabel>Quotes</pluralLabel>
    <searchLayouts>
        <customTabListAdditionalFields>SBQQ__NetAmount__c</customTabListAdditionalFields>
        <customTabListAdditionalFields>SBQQ__Status__c</customTabListAdditionalFields>
        <customTabListAdditionalFields>CREATEDBY_USER</customTabListAdditionalFields>
        <customTabListAdditionalFields>SBQQ__Primary__c</customTabListAdditionalFields>
        <lookupDialogsAdditionalFields>SBQQ__Primary__c</lookupDialogsAdditionalFields>
        <lookupDialogsAdditionalFields>SBQQ__NetAmount__c</lookupDialogsAdditionalFields>
        <lookupDialogsAdditionalFields>SBQQ__Status__c</lookupDialogsAdditionalFields>
        <lookupDialogsAdditionalFields>SBQQ__CustomerDiscount__c</lookupDialogsAdditionalFields>
        <lookupDialogsAdditionalFields>SBQQ__PartnerDiscount__c</lookupDialogsAdditionalFields>
        <lookupDialogsAdditionalFields>UPDATEDBY_USER</lookupDialogsAdditionalFields>
        <lookupPhoneDialogsAdditionalFields>SBQQ__NetAmount__c</lookupPhoneDialogsAdditionalFields>
        <lookupPhoneDialogsAdditionalFields>SBQQ__Status__c</lookupPhoneDialogsAdditionalFields>
        <lookupPhoneDialogsAdditionalFields>CREATEDBY_USER</lookupPhoneDialogsAdditionalFields>
        <lookupPhoneDialogsAdditionalFields>SBQQ__Primary__c</lookupPhoneDialogsAdditionalFields>
        <searchFilterFields>NAME</searchFilterFields>
        <searchFilterFields>SBQQ__NetAmount__c</searchFilterFields>
        <searchFilterFields>SBQQ__SalesRep__c</searchFilterFields>
        <searchFilterFields>CREATEDBY_USER</searchFilterFields>
        <searchFilterFields>UPDATEDBY_USER</searchFilterFields>
        <searchFilterFields>SBQQ__Primary__c</searchFilterFields>
        <searchResultsAdditionalFields>SBQQ__Primary__c</searchResultsAdditionalFields>
        <searchResultsAdditionalFields>SBQQ__NetAmount__c</searchResultsAdditionalFields>
        <searchResultsAdditionalFields>SBQQ__Status__c</searchResultsAdditionalFields>
        <searchResultsAdditionalFields>SBQQ__CustomerDiscount__c</searchResultsAdditionalFields>
        <searchResultsAdditionalFields>SBQQ__PartnerDiscount__c</searchResultsAdditionalFields>
        <searchResultsAdditionalFields>UPDATEDBY_USER</searchResultsAdditionalFields>
    </searchLayouts>
    <sharingModel>ReadWrite</sharingModel>
    <visibility>Public</visibility>
</CustomObject>
