<?xml version="1.0" encoding="UTF-8"?>
<CustomField xmlns="http://soap.sforce.com/2006/04/metadata">
    <fullName>Bill_To_Contact__c</fullName>
    <deleteConstraint>SetNull</deleteConstraint>
    <description>Bill To contact for this Contract.</description>
    <externalId>false</externalId>
    <inlineHelpText>Bill To contact for this Contract.</inlineHelpText>
    <label>Bill To Contact</label>
    <referenceTo>Contact</referenceTo>
    <relationshipLabel>Contracts (Bill To Contact)</relationshipLabel>
    <relationshipName>Contracts1</relationshipName>
    <required>false</required>
    <trackHistory>false</trackHistory>
    <type>Lookup</type>
</CustomField>
