<?xml version="1.0" encoding="UTF-8"?>
<CustomField xmlns="http://soap.sforce.com/2006/04/metadata">
    <fullName>Bounced_mail__c</fullName>
    <defaultValue>false</defaultValue>
    <description>When we have faulty email address checkbox gets true.</description>
    <externalId>false</externalId>
    <inlineHelpText>When we have faulty email address checkbox gets true.</inlineHelpText>
    <label>Bounced mail</label>
    <trackHistory>false</trackHistory>
    <type>Checkbox</type>
</CustomField>
