<?xml version="1.0" encoding="UTF-8"?>
<CustomField xmlns="http://soap.sforce.com/2006/04/metadata">
    <fullName>Lapsed_Notification__c</fullName>
    <defaultValue>false</defaultValue>
    <description>Email notification sent before 1 day from contract end date</description>
    <externalId>false</externalId>
    <inlineHelpText>Indicates whether a notification for a lapsed contract has been sent. Applies if contract has not been renewed by expiration date.</inlineHelpText>
    <label>Lapsed Notification</label>
    <trackHistory>false</trackHistory>
    <type>Checkbox</type>
</CustomField>
