<?xml version="1.0" encoding="UTF-8"?>
<CustomField xmlns="http://soap.sforce.com/2006/04/metadata">
    <fullName>Ship_To_Contact__c</fullName>
    <deleteConstraint>SetNull</deleteConstraint>
    <description>Ship to contact for the contract</description>
    <externalId>false</externalId>
    <inlineHelpText>Ship to contact for the contract</inlineHelpText>
    <label>Ship To Contact</label>
    <referenceTo>Contact</referenceTo>
    <relationshipLabel>Contracts</relationshipLabel>
    <relationshipName>Contracts</relationshipName>
    <required>false</required>
    <trackHistory>false</trackHistory>
    <type>Lookup</type>
</CustomField>
