<?xml version="1.0" encoding="UTF-8"?>
<CustomField xmlns="http://soap.sforce.com/2006/04/metadata">
    <fullName>X30_days_notification_sent__c</fullName>
    <defaultValue>false</defaultValue>
    <description>Email notification sent before 30 days from contract end date</description>
    <externalId>false</externalId>
    <inlineHelpText>Indicates whether a renewal notification has been sent to the contract&apos;s related contacts 30 days prior to contract expiration</inlineHelpText>
    <label>30 days notification sent</label>
    <trackHistory>false</trackHistory>
    <type>Checkbox</type>
</CustomField>
