<?xml version="1.0" encoding="UTF-8"?>
<CustomField xmlns="http://soap.sforce.com/2006/04/metadata">
    <fullName>Bill_To_Contact__c</fullName>
    <deleteConstraint>SetNull</deleteConstraint>
    <description>Lookup field for Bill to Contact</description>
    <externalId>false</externalId>
    <inlineHelpText>Lookup field for Bill to Contact</inlineHelpText>
    <label>Bill To Contact</label>
    <referenceTo>Contact</referenceTo>
    <relationshipLabel>Quotes (Bill To Contact)</relationshipLabel>
    <relationshipName>Quotes</relationshipName>
    <required>false</required>
    <trackHistory>false</trackHistory>
    <trackTrending>false</trackTrending>
    <type>Lookup</type>
</CustomField>
