<?xml version="1.0" encoding="UTF-8"?>
<CustomField xmlns="http://soap.sforce.com/2006/04/metadata">
    <fullName>Ship_To_Contact__c</fullName>
    <deleteConstraint>SetNull</deleteConstraint>
    <description>Ship To Contact for this quote</description>
    <externalId>false</externalId>
    <inlineHelpText>Ship To Contact for this quote</inlineHelpText>
    <label>Ship To Contact</label>
    <referenceTo>Contact</referenceTo>
    <relationshipLabel>Quotes (Ship To Contact)</relationshipLabel>
    <relationshipName>Quotes1</relationshipName>
    <required>false</required>
    <trackHistory>false</trackHistory>
    <trackTrending>false</trackTrending>
    <type>Lookup</type>
</CustomField>
